Day,Impressions,Reach,Frequency,"Leads (Form)","Cost per Lead (Form)","Amount Spent (USD)","Clicks (All)","Link Clicks","Cost per 1,000 People Reached","Reporting Starts","Reporting Ends"
2018-03-15,411,263,1.5627376425856,,,5.92,3,3,22.5095057,2018-03-15,2018-03-15
2019-01-17,375,348,1.0775862068966,1,2.03,2.03,11,8,5.83333333,2019-01-17,2019-01-17
2019-01-25,455,410,1.109756097561,1,1.9,1.9,8,3,4.63414634,2019-01-25,2019-01-25
2019-01-24,361,332,1.0873493975904,,,1.79,1,1,5.39156627,2019-01-24,2019-01-24
2019-01-23,333,305,1.0918032786885,,,2.19,2,1,7.18032787,2019-01-23,2019-01-23
2019-01-22,495,429,1.1538461538462,,,2.09,6,4,4.87179487,2019-01-22,2019-01-22
2019-01-21,244,208,1.1730769230769,,,2.03,3,3,9.75961538,2019-01-21,2019-01-21
2019-01-20,394,358,1.1005586592179,1,2.09,2.09,7,3,5.83798883,2019-01-20,2019-01-20
2019-01-19,375,342,1.0964912280702,1,1.8,1.8,5,2,5.26315789,2019-01-19,2019-01-19
2019-01-18,445,405,1.0987654320988,,,1.95,7,6,4.81481481,2019-01-18,2019-01-18
2019-01-16,451,389,1.159383033419,2,1.055,2.11,6,3,5.42416452,2019-01-16,2019-01-16
2019-01-27,35,35,1,,,1.2,0,,34.28571429,2019-01-27,2019-01-27
2019-01-15,390,361,1.0803324099723,1,2.02,2.02,11,4,5.59556787,2019-01-15,2019-01-15
2019-01-14,543,472,1.1504237288136,,,2.1,5,2,4.44915254,2019-01-14,2019-01-14
2019-01-13,493,437,1.1281464530892,1,1.99,1.99,8,5,4.55377574,2019-01-13,2019-01-13
2019-01-12,441,408,1.0808823529412,1,1.89,1.89,9,5,4.63235294,2019-01-12,2019-01-12
2019-01-11,442,402,1.0995024875622,1,2.04,2.04,12,7,5.07462687,2019-01-11,2019-01-11
2019-01-10,554,496,1.116935483871,3,0.68666667,2.06,12,6,4.15322581,2019-01-10,2019-01-10
2019-01-09,506,461,1.0976138828633,2,0.995,1.99,7,3,4.31670282,2019-01-09,2019-01-09
2019-01-08,533,461,1.1561822125813,1,1.92,1.92,9,3,4.164859,2019-01-08,2019-01-08
2019-01-26,406,372,1.0913978494624,,,1.76,3,2,4.7311828,2019-01-26,2019-01-26
2019-01-28,38,38,1,,,0.94,0,,24.73684211,2019-01-28,2019-01-28
2019-01-06,511,438,1.1666666666667,,,1.92,7,4,4.38356164,2019-01-06,2019-01-06
2019-02-19,1099,705,1.558865248227,,,2.19,22,2,3.10638298,2019-02-19,2019-02-19
2019-02-27,90,77,1.1688311688312,,,2.04,4,1,26.49350649,2019-02-27,2019-02-27
2019-02-26,67,61,1.0983606557377,,,2.19,0,,35.90163934,2019-02-26,2019-02-26
2019-02-25,68,59,1.1525423728814,,,1.99,0,,33.72881356,2019-02-25,2019-02-25
2019-02-24,79,69,1.1449275362319,,,2.05,1,,29.71014493,2019-02-24,2019-02-24
2019-02-23,101,90,1.1222222222222,,,2.31,2,2,25.66666667,2019-02-23,2019-02-23
2019-02-22,41,37,1.1081081081081,,,1.3,0,,35.13513514,2019-02-22,2019-02-22
2019-02-21,47,43,1.093023255814,,,1.16,0,,26.97674419,2019-02-21,2019-02-21
2019-02-20,68,60,1.1333333333333,,,1.13,0,,18.83333333,2019-02-20,2019-02-20
2019-02-18,1275,823,1.5492102065614,,,1.97,36,6,2.39368165,2019-02-18,2019-02-18
2019-01-29,2486,2151,1.1557415155742,6,2.555,15.33,43,23,7.12691771,2019-01-29,2019-01-29
2019-02-17,245,237,1.0337552742616,,,0.62,1,,2.61603376,2019-02-17,2019-02-17
2019-02-05,313,277,1.129963898917,,,0.6,3,3,2.16606498,2019-02-05,2019-02-05
2019-02-04,458,393,1.1653944020356,,,0.93,4,4,2.36641221,2019-02-04,2019-02-04
2019-02-03,446,392,1.1377551020408,1,1.06,1.06,7,3,2.70408163,2019-02-03,2019-02-03
2019-02-02,466,420,1.1095238095238,2,0.48,0.96,9,4,2.28571429,2019-02-02,2019-02-02
2019-02-01,515,451,1.1419068736142,1,0.97,0.97,10,4,2.15077605,2019-02-01,2019-02-01
2019-01-31,450,393,1.1450381679389,,,0.99,3,1,2.51908397,2019-01-31,2019-01-31
2019-01-30,2366,1983,1.1931417044881,7,1.89142857,13.24,43,22,6.6767524,2019-01-30,2019-01-30
2019-01-07,619,532,1.1635338345865,3,0.72666667,2.18,16,10,4.09774436,2019-01-07,2019-01-07
2019-01-05,557,466,1.1952789699571,1,2.01,2.01,7,3,4.31330472,2019-01-05,2019-01-05
2019-03-01,113,101,1.1188118811881,,,1.87,1,1,18.51485149,2019-03-01,2019-03-01
2018-12-02,376,287,1.3101045296167,2,0.485,0.97,8,4,3.37979094,2018-12-02,2018-12-02
2018-12-10,342,280,1.2214285714286,2,0.525,1.05,10,5,3.75,2018-12-10,2018-12-10
2018-12-09,312,263,1.1863117870722,,,1.1,7,4,4.18250951,2018-12-09,2018-12-09
2018-12-08,286,231,1.2380952380952,,,1,4,3,4.32900433,2018-12-08,2018-12-08
2018-12-07,310,254,1.2204724409449,1,1.04,1.04,5,2,4.09448819,2018-12-07,2018-12-07
2018-12-06,350,272,1.2867647058824,,,1.03,5,3,3.78676471,2018-12-06,2018-12-06
2018-12-05,426,322,1.3229813664596,1,0.96,0.96,6,4,2.98136646,2018-12-05,2018-12-05
2018-12-04,322,262,1.2290076335878,2,0.515,1.03,11,6,3.93129771,2018-12-04,2018-12-04
2018-12-03,298,255,1.1686274509804,2,0.485,0.97,5,2,3.80392157,2018-12-03,2018-12-03
2018-12-01,331,272,1.2169117647059,2,0.465,0.93,10,4,3.41911765,2018-12-01,2018-12-01
2018-12-12,657,514,1.2782101167315,,,2.43,4,2,4.72762646,2018-12-12,2018-12-12
2018-11-30,286,254,1.1259842519685,,,1.13,7,5,4.4488189,2018-11-30,2018-11-30
2018-11-29,568,442,1.2850678733032,1,1.03,1.03,3,1,2.33031674,2018-11-29,2018-11-29
2018-11-28,469,378,1.2407407407407,1,0.97,0.97,11,6,2.56613757,2018-11-28,2018-11-28
2018-11-27,581,457,1.2713347921225,,,0.97,4,1,2.12253829,2018-11-27,2018-11-27
2018-11-26,682,526,1.2965779467681,1,0.97,0.97,8,4,1.84410646,2018-11-26,2018-11-26
2018-11-25,674,552,1.2210144927536,2,0.5,1,12,6,1.8115942,2018-11-25,2018-11-25
2018-11-24,648,520,1.2461538461538,1,1.07,1.07,9,3,2.05769231,2018-11-24,2018-11-24
2018-11-23,697,540,1.2907407407407,,,0.99,9,4,1.83333333,2018-11-23,2018-11-23
2018-12-11,1042,812,1.2832512315271,3,1.50333333,4.51,23,13,5.55418719,2018-12-11,2018-12-11
2018-12-13,103,95,1.0842105263158,,,1.2,0,,12.63157895,2018-12-13,2018-12-13
2019-01-04,715,600,1.1916666666667,1,1.92,1.92,7,2,3.2,2019-01-04,2019-01-04
2018-12-26,208,131,1.587786259542,,,26.6,0,,203.05343511,2018-12-26,2018-12-26
2019-01-03,756,583,1.2967409948542,3,0.64666667,1.94,24,13,3.32761578,2019-01-03,2019-01-03
2019-01-02,600,502,1.195219123506,,,2.14,2,1,4.26294821,2019-01-02,2019-01-02
2019-01-01,528,440,1.2,1,1.91,1.91,10,6,4.34090909,2019-01-01,2019-01-01
2018-12-31,491,416,1.1802884615385,1,1.98,1.98,13,9,4.75961538,2018-12-31,2018-12-31
2018-12-30,174,117,1.4871794871795,1,16.07,16.07,4,2,137.35042735,2018-12-30,2018-12-30
2018-12-29,92,45,2.0444444444444,,,8.27,0,,183.77777778,2018-12-29,2018-12-29
2018-12-28,82,39,2.1025641025641,,,9.91,0,,254.1025641,2018-12-28,2018-12-28
2018-12-27,28,20,1.4,,,1.32,0,,66,2018-12-27,2018-12-27
2018-12-25,249,131,1.9007633587786,1,24.36,24.36,5,2,185.95419847,2018-12-25,2018-12-25
2018-12-14,22,21,1.047619047619,,,0.78,1,1,37.14285714,2018-12-14,2018-12-14
2018-12-24,13,12,1.0833333333333,,,0.97,0,,80.83333333,2018-12-24,2018-12-24
2018-12-23,23,20,1.15,,,0.92,0,,46,2018-12-23,2018-12-23
2018-12-22,21,21,1,,,0.74,1,,35.23809524,2018-12-22,2018-12-22
2018-12-21,110,100,1.1,,,1.19,0,,11.9,2018-12-21,2018-12-21
2018-12-20,84,81,1.037037037037,,,1.13,4,3,13.95061728,2018-12-20,2018-12-20
2018-12-19,31,30,1.0333333333333,,,1,0,,33.33333333,2018-12-19,2018-12-19
2018-12-18,22,20,1.1,,,1.1,1,1,55,2018-12-18,2018-12-18
2018-12-17,21,20,1.05,,,1.01,0,,50.5,2018-12-17,2018-12-17
2018-12-15,21,19,1.1052631578947,,,0.88,1,1,46.31578947,2018-12-15,2018-12-15
2019-02-28,129,116,1.1120689655172,,,1.91,4,2,16.46551724,2019-02-28,2019-02-28
2019-03-02,53,47,1.1276595744681,,,0.99,2,2,21.06382979,2019-03-02,2019-03-02
2018-11-21,743,602,1.234219269103,2,0.495,0.99,9,3,1.64451827,2018-11-21,2018-11-21
2019-05-01,1222,1093,1.1180237877402,1,3.23,3.23,8,4,2.95516926,2019-05-01,2019-05-01
2019-05-10,1433,1189,1.2052144659378,3,1.17,3.51,18,12,2.95206056,2019-05-10,2019-05-10
2019-05-07,1278,1093,1.1692589204026,,,2.98,13,7,2.72644099,2019-05-07,2019-05-07
2019-05-08,1100,954,1.1530398322851,,,3,9,7,3.14465409,2019-05-08,2019-05-08
2019-05-06,1100,978,1.1247443762781,2,1.46,2.92,13,7,2.98568507,2019-05-06,2019-05-06
2019-05-05,1098,935,1.1743315508021,,,3.08,4,2,3.29411765,2019-05-05,2019-05-05
2019-05-04,1318,1117,1.1799462846911,4,0.7375,2.95,28,15,2.64100269,2019-05-04,2019-05-04
2019-05-03,1345,1196,1.1245819397993,,,2.79,6,5,2.33277592,2019-05-03,2019-05-03
2019-05-02,1419,1261,1.1252973830293,1,3.03,3.03,15,8,2.40285488,2019-05-02,2019-05-02
2019-04-30,1462,1270,1.1511811023622,,,2.94,8,3,2.31496063,2019-04-30,2019-04-30
2019-05-11,1890,1682,1.1236623067776,2,2.75,5.5,23,15,3.26991677,2019-05-11,2019-05-11
2019-04-29,1142,990,1.1535353535354,1,2.99,2.99,11,5,3.02020202,2019-04-29,2019-04-29
2019-04-28,1183,1050,1.1266666666667,,,3.07,10,5,2.92380952,2019-04-28,2019-04-28
2019-04-27,1112,1009,1.1020812685828,2,1.415,2.83,10,3,2.80475719,2019-04-27,2019-04-27
2019-04-26,1355,1175,1.1531914893617,1,3,3,22,13,2.55319149,2019-04-26,2019-04-26
2019-04-25,1334,1204,1.1079734219269,3,1.00333333,3.01,20,7,2.5,2019-04-25,2019-04-25
2019-04-24,1552,1335,1.1625468164794,3,0.99333333,2.98,27,16,2.23220974,2019-04-24,2019-04-24
2019-04-23,1711,1434,1.1931659693166,3,0.99333333,2.98,23,12,2.07810321,2019-04-23,2019-04-23
2019-04-22,676,551,1.2268602540835,1,1.07,1.07,10,5,1.94192377,2019-04-22,2019-04-22
2019-05-09,1356,1107,1.2249322493225,,,2.95,14,6,2.66485998,2019-05-09,2019-05-09
2019-05-12,3629,3097,1.1717791411043,8,1.53625,12.29,52,25,3.96835647,2019-05-12,2019-05-12
2019-04-20,594,468,1.2692307692308,2,0.51,1.02,10,5,2.17948718,2019-04-20,2019-04-20
2019-05-24,233,229,1.0174672489083,1,0.96,0.96,8,2,4.19213974,2019-05-24,2019-05-24
2019-03-06,3507,2644,1.3263993948563,7,2.75142857,19.26,77,50,7.28441755,2019-03-06,2019-03-06
2018-12-16,20,20,1,,,0.95,0,,47.5,2018-12-16,2018-12-16
2018-10-28,636,525,1.2114285714286,1,1.04,1.04,7,3,1.98095238,2018-10-28,2018-10-28
2018-08-28,1593,1345,1.1843866171004,3,1.64,4.92,25,14,3.65799257,2018-08-28,2018-08-28
2018-08-17,2617,2426,1.0787304204452,3,21.94666667,65.84,35,16,27.13932399,2018-08-17,2018-08-17
2019-05-27,2,2,1,,,0.08,0,,40,2019-05-27,2019-05-27
2019-05-26,31,29,1.0689655172414,,,1.09,0,,37.5862069,2019-05-26,2019-05-26
2019-05-25,284,261,1.088122605364,,,0.88,4,1,3.37164751,2019-05-25,2019-05-25
2019-05-23,1056,907,1.1642778390298,2,1.525,3.05,15,9,3.36273429,2019-05-23,2019-05-23
2019-05-13,6781,5582,1.2147975635973,7,3.45,24.15,86,45,4.32640631,2019-05-13,2019-05-13
2019-05-22,1571,1367,1.1492318946598,1,5.01,5.01,14,7,3.66495977,2019-05-22,2019-05-22
2019-05-21,1621,1423,1.1391426563598,2,2.51,5.02,14,7,3.52775826,2019-05-21,2019-05-21
2019-05-20,2152,1880,1.1446808510638,1,5,5,19,8,2.65957447,2019-05-20,2019-05-20
2019-05-19,4366,3692,1.18255687974,2,5.78,11.56,50,18,3.13109426,2019-05-19,2019-05-19
2019-05-18,5004,4124,1.2133850630456,,,15.17,51,26,3.67846751,2019-05-18,2019-05-18
2019-05-17,4861,3925,1.2384713375796,4,4.055,16.22,68,34,4.13248408,2019-05-17,2019-05-17
2019-05-16,4750,3839,1.2373013805679,5,2.902,14.51,71,41,3.77963011,2019-05-16,2019-05-16
2019-05-15,6701,5510,1.2161524500907,8,2.9725,23.78,73,30,4.31578947,2019-05-15,2019-05-15
2019-05-14,10024,7636,1.3127291775799,6,6.385,38.31,113,62,5.01702462,2019-05-14,2019-05-14
2019-04-21,626,494,1.2672064777328,1,1.01,1.01,12,5,2.04453441,2019-04-21,2019-04-21
2019-04-19,470,369,1.2737127371274,3,0.33,0.99,18,5,2.68292683,2019-04-19,2019-04-19
2019-03-05,276,252,1.0952380952381,,,1.16,9,5,4.6031746,2019-03-05,2019-03-05
2019-03-17,1862,1038,1.7938342967245,4,5.6175,22.47,35,18,21.64739884,2019-03-17,2019-03-17
2019-03-25,24,23,1.0434782608696,,,1.1,0,,47.82608696,2019-03-25,2019-03-25
2019-03-24,49,30,1.6333333333333,,,2.43,1,1,81,2019-03-24,2019-03-24
2019-03-23,96,52,1.8461538461538,,,2.74,0,,52.69230769,2019-03-23,2019-03-23
2019-03-22,167,65,2.5692307692308,,,2.37,1,1,36.46153846,2019-03-22,2019-03-22
2019-03-21,280,86,3.2558139534884,,,2.09,1,1,24.30232558,2019-03-21,2019-03-21
2019-03-20,253,85,2.9764705882353,,,1.97,1,,23.17647059,2019-03-20,2019-03-20
2019-03-19,709,395,1.7949367088608,1,5.16,5.16,13,6,13.06329114,2019-03-19,2019-03-19
2019-03-18,673,394,1.7081218274112,1,4.78,4.78,6,2,12.1319797,2019-03-18,2019-03-18
2019-03-16,1520,1359,1.1184694628403,5,4.594,22.97,45,26,16.90213392,2019-03-16,2019-03-16
2019-03-27,4327,3180,1.3606918238994,12,6.30666667,75.68,81,40,23.79874214,2019-03-27,2019-03-27
2019-03-15,1664,1620,1.0271604938272,,,25.42,21,18,15.69135802,2019-03-15,2019-03-15
2019-03-14,352,300,1.1733333333333,,,2.32,4,3,7.73333333,2019-03-14,2019-03-14
2019-03-13,389,324,1.2006172839506,,,1.74,4,3,5.37037037,2019-03-13,2019-03-13
2019-03-12,390,343,1.1370262390671,2,1.12,2.24,7,3,6.53061224,2019-03-12,2019-03-12
2019-03-11,366,326,1.1226993865031,,,2.09,2,2,6.41104294,2019-03-11,2019-03-11
2019-03-10,509,426,1.1948356807512,1,2.04,2.04,5,4,4.78873239,2019-03-10,2019-03-10
2019-03-08,5837,3897,1.4978188350013,10,3.19,31.9,123,77,8.18578394,2019-03-08,2019-03-08
2019-03-07,2550,1831,1.392681594757,5,1.956,9.78,52,31,5.34134353,2019-03-07,2019-03-07
2019-03-26,1060,723,1.4661134163209,3,14.62666667,43.88,22,12,60.69156293,2019-03-26,2019-03-26
2019-03-28,4110,2978,1.380120886501,7,4.03571429,28.25,68,35,9.48623237,2019-03-28,2019-03-28
2019-04-18,330,320,1.03125,,,1.06,1,1,3.3125,2019-04-18,2019-04-18
2019-04-09,508,434,1.1705069124424,,,1.02,4,,2.35023041,2019-04-09,2019-04-09
2019-04-17,317,312,1.0160256410256,,,0.96,2,2,3.07692308,2019-04-17,2019-04-17
2019-04-16,415,401,1.0349127182045,,,0.99,2,2,2.46882793,2019-04-16,2019-04-16
2019-04-15,435,420,1.0357142857143,1,0.99,0.99,5,4,2.35714286,2019-04-15,2019-04-15
2019-04-14,311,306,1.016339869281,,,0.99,1,1,3.23529412,2019-04-14,2019-04-14
2019-04-13,385,376,1.0239361702128,,,1.02,3,3,2.71276596,2019-04-13,2019-04-13
2019-04-12,428,409,1.0464547677262,2,0.505,1.01,4,2,2.46943765,2019-04-12,2019-04-12
2019-04-11,339,325,1.0430769230769,2,0.51,1.02,6,3,3.13846154,2019-04-11,2019-04-11
2019-04-10,445,396,1.1237373737374,,,0.94,1,,2.37373737,2019-04-10,2019-04-10
2019-04-08,608,492,1.2357723577236,2,1.085,2.17,13,6,4.41056911,2019-04-08,2019-04-08
2019-03-29,347,272,1.2757352941176,,,1.96,2,2,7.20588235,2019-03-29,2019-03-29
2019-04-07,554,458,1.2096069868996,1,2.87,2.87,7,3,6.26637555,2019-04-07,2019-04-07
2019-04-06,568,454,1.2511013215859,,,1.83,8,6,4.030837,2019-04-06,2019-04-06
2019-04-05,558,476,1.172268907563,,,3.1,5,4,6.51260504,2019-04-05,2019-04-05
2019-04-04,592,478,1.2384937238494,3,1.02,3.06,12,5,6.40167364,2019-04-04,2019-04-04
2019-04-03,474,371,1.277628032345,,,3.06,8,6,8.24797844,2019-04-03,2019-04-03
2019-04-02,2708,2054,1.3184031158715,4,3.6675,14.67,32,17,7.14216164,2019-04-02,2019-04-02
2019-04-01,1679,1433,1.1716678297278,1,11.76,11.76,14,8,8.20655967,2019-04-01,2019-04-01
2019-03-31,593,441,1.3446712018141,1,2.28,2.28,7,3,5.17006803,2019-03-31,2019-03-31
2019-03-30,374,296,1.2635135135135,1,1.53,1.53,9,4,5.16891892,2019-03-30,2019-03-30
2018-11-22,682,556,1.226618705036,,,0.98,3,3,1.76258993,2018-11-22,2018-11-22
2018-11-20,643,511,1.2583170254403,1,0.96,0.96,3,1,1.87866928,2018-11-20,2018-11-20
2018-03-16,475,237,2.0042194092827,,,3.7,3,1,15.61181435,2018-03-16,2018-03-16
2018-06-09,184,140,1.3142857142857,,,2.2,1,,15.71428571,2018-06-09,2018-06-09
2018-06-17,59,54,1.0925925925926,,,0.97,0,,17.96296296,2018-06-17,2018-06-17
2018-06-16,92,65,1.4153846153846,,,0.96,0,,14.76923077,2018-06-16,2018-06-16
2018-06-15,91,59,1.5423728813559,,,1.04,1,1,17.62711864,2018-06-15,2018-06-15
2018-06-14,104,74,1.4054054054054,,,1,0,,13.51351351,2018-06-14,2018-06-14
2018-06-13,144,93,1.5483870967742,,,1.38,0,,14.83870968,2018-06-13,2018-06-13
2018-06-12,171,134,1.2761194029851,,,2.06,2,1,15.37313433,2018-06-12,2018-06-12
2018-06-11,231,147,1.5714285714286,,,2,1,1,13.60544218,2018-06-11,2018-06-11
2018-06-10,159,123,1.2926829268293,,,2.1,0,,17.07317073,2018-06-10,2018-06-10
2018-06-08,180,136,1.3235294117647,,,2.3,0,,16.91176471,2018-06-08,2018-06-08
2018-06-19,64,52,1.2307692307692,,,1.02,0,,19.61538462,2018-06-19,2018-06-19
2018-06-07,196,133,1.4736842105263,,,2.27,1,1,17.06766917,2018-06-07,2018-06-07
2018-06-06,204,126,1.6190476190476,,,2.26,2,2,17.93650794,2018-06-06,2018-06-06
2018-06-05,175,106,1.6509433962264,,,2.24,2,2,21.13207547,2018-06-05,2018-06-05
2018-06-04,47,40,1.175,,,1.23,0,,30.75,2018-06-04,2018-06-04
2018-06-03,51,36,1.4166666666667,,,0.68,1,1,18.88888889,2018-06-03,2018-06-03
2018-06-02,71,63,1.1269841269841,,,1.1,1,1,17.46031746,2018-06-02,2018-06-02
2018-06-01,43,41,1.0487804878049,,,0.95,0,,23.17073171,2018-06-01,2018-06-01
2018-05-31,64,49,1.3061224489796,,,1.08,1,1,22.04081633,2018-05-31,2018-05-31
2018-06-18,65,54,1.2037037037037,,,1.03,0,,19.07407407,2018-06-18,2018-06-18
2018-06-20,19,17,1.1176470588235,,,0.3,0,,17.64705882,2018-06-20,2018-06-20
2018-05-29,97,53,1.8301886792453,,,0.98,0,,18.49056604,2018-05-29,2018-05-29
2018-07-11,89,77,1.1558441558442,,,0.95,0,,12.33766234,2018-07-11,2018-07-11
2018-08-16,1757,1546,1.1364812419146,4,21.77,87.08,20,15,56.32600259,2018-08-16,2018-08-16
2018-08-15,1630,1275,1.278431372549,,,68.16,15,14,53.45882353,2018-08-15,2018-08-15
2018-08-14,2233,1810,1.2337016574586,2,50.13,100.26,22,12,55.39226519,2018-08-14,2018-08-14
2018-08-13,4279,2176,1.9664522058824,3,23.43333333,70.3,47,39,32.30698529,2018-08-13,2018-08-13
2018-08-12,8270,3677,2.2491161272777,,,81.43,79,82,22.14577101,2018-08-12,2018-08-12
2018-08-11,6157,2841,2.1671946497712,,,48.43,72,72,17.0468145,2018-08-11,2018-08-11
2018-08-10,1043,641,1.6271450858034,,,9.98,16,15,15.56942278,2018-08-10,2018-08-10
2018-07-12,23,23,1,,,0.34,0,,14.7826087,2018-07-12,2018-07-12
2018-07-10,73,71,1.0281690140845,,,0.99,0,,13.94366197,2018-07-10,2018-07-10
2018-07-01,50,44,1.1363636363636,,,1.07,0,,24.31818182,2018-07-01,2018-07-01
2018-07-09,72,66,1.0909090909091,,,1.06,0,,16.06060606,2018-07-09,2018-07-09
2018-07-08,54,53,1.0188679245283,,,1.01,0,,19.05660377,2018-07-08,2018-07-08
2018-07-07,68,67,1.0149253731343,,,0.89,0,,13.28358209,2018-07-07,2018-07-07
2018-07-06,95,78,1.2179487179487,,,1.01,0,,12.94871795,2018-07-06,2018-07-06
2018-07-05,74,66,1.1212121212121,,,0.99,1,,15,2018-07-05,2018-07-05
2018-07-04,71,68,1.0441176470588,,,1.02,2,2,15,2018-07-04,2018-07-04
2018-07-03,59,53,1.1132075471698,,,1.06,1,1,20,2018-07-03,2018-07-03
2018-07-02,71,52,1.3653846153846,,,0.96,1,1,18.46153846,2018-07-02,2018-07-02
2018-05-30,78,61,1.2786885245902,,,0.97,2,2,15.90163934,2018-05-30,2018-05-30
2018-05-28,99,79,1.253164556962,,,0.94,0,,11.89873418,2018-05-28,2018-05-28
2018-08-19,4269,3028,1.4098414795244,8,1.9475,15.58,79,31,5.14531044,2018-08-19,2018-08-19
2018-04-04,1557,371,4.1967654986523,,,2.9,1,1,7.81671159,2018-04-04,2018-04-04
2018-04-12,249,125,1.992,,,3.35,5,2,26.8,2018-04-12,2018-04-12
2018-04-11,356,177,2.0112994350282,,,3.2,1,1,18.07909605,2018-04-11,2018-04-11
2018-04-10,403,213,1.8920187793427,,,3.46,1,1,16.24413146,2018-04-10,2018-04-10
2018-04-09,669,286,2.3391608391608,,,3.53,3,3,12.34265734,2018-04-09,2018-04-09
2018-04-08,876,264,3.3181818181818,,,1,0,,3.78787879,2018-04-08,2018-04-08
2018-04-07,1104,344,3.2093023255814,,,1.44,0,,4.18604651,2018-04-07,2018-04-07
2018-04-06,865,298,2.9026845637584,,,1.11,0,,3.72483221,2018-04-06,2018-04-06
2018-04-05,899,259,3.4710424710425,,,1.67,1,1,6.44787645,2018-04-05,2018-04-05
2018-04-03,1660,365,4.5479452054795,,,2.89,1,1,7.91780822,2018-04-03,2018-04-03
2018-04-14,209,117,1.7863247863248,,,3.14,1,1,26.83760684,2018-04-14,2018-04-14
2018-04-02,4094,1014,4.0374753451677,,,15.69,4,4,15.47337278,2018-04-02,2018-04-02
2018-04-01,361,220,1.6409090909091,,,1.9,1,1,8.63636364,2018-04-01,2018-04-01
2018-03-22,86,71,1.2112676056338,,,1.52,1,1,21.4084507,2018-03-22,2018-03-22
2018-03-21,64,54,1.1851851851852,,,0.31,0,,5.74074074,2018-03-21,2018-03-21
2018-03-20,415,344,1.2063953488372,,,2.44,0,,7.09302326,2018-03-20,2018-03-20
2018-03-19,328,279,1.1756272401434,,,1.76,0,,6.30824373,2018-03-19,2018-03-19
2018-03-18,848,696,1.2183908045977,,,8.1,0,,11.63793103,2018-03-18,2018-03-18
2018-03-17,110,88,1.25,,,1.37,0,,15.56818182,2018-03-17,2018-03-17
2018-04-13,253,137,1.8467153284672,,,3.15,1,1,22.99270073,2018-04-13,2018-04-13
2018-04-15,200,118,1.6949152542373,,,3.16,2,2,26.77966102,2018-04-15,2018-04-15
2018-05-27,146,108,1.3518518518519,,,0.99,0,,9.16666667,2018-05-27,2018-05-27
2018-05-18,89,65,1.3692307692308,,,0.89,0,,13.69230769,2018-05-18,2018-05-18
2018-05-26,136,107,1.2710280373832,,,1.06,1,,9.90654206,2018-05-26,2018-05-26
2018-05-25,151,121,1.2479338842975,,,0.91,0,,7.52066116,2018-05-25,2018-05-25
2018-05-24,2282,1061,2.1508011310085,,,30.64,8,6,28.87841659,2018-05-24,2018-05-24
2018-05-23,74,54,1.3703703703704,,,0.9,1,1,16.66666667,2018-05-23,2018-05-23
2018-05-22,68,56,1.2142857142857,,,0.95,1,1,16.96428571,2018-05-22,2018-05-22
2018-05-21,77,63,1.2222222222222,,,0.99,0,,15.71428571,2018-05-21,2018-05-21
2018-05-20,113,77,1.4675324675325,,,1.07,1,1,13.8961039,2018-05-20,2018-05-20
2018-05-19,105,70,1.5,,,0.93,0,,13.28571429,2018-05-19,2018-05-19
2018-05-17,130,83,1.566265060241,,,1.09,1,,13.13253012,2018-05-17,2018-05-17
2018-04-16,253,140,1.8071428571429,,,2.98,2,1,21.28571429,2018-04-16,2018-04-16
2018-05-16,76,48,1.5833333333333,,,1.07,0,,22.29166667,2018-05-16,2018-05-16
2018-05-15,109,73,1.4931506849315,,,0.91,0,,12.46575342,2018-05-15,2018-05-15
2018-05-14,103,84,1.2261904761905,,,0.99,0,,11.78571429,2018-05-14,2018-05-14
2018-05-13,55,52,1.0576923076923,,,1.1,2,2,21.15384615,2018-05-13,2018-05-13
2018-05-12,72,57,1.2631578947368,,,0.96,0,,16.84210526,2018-05-12,2018-05-12
2018-05-11,66,59,1.1186440677966,,,1.15,1,1,19.49152542,2018-05-11,2018-05-11
2018-04-19,35,27,1.2962962962963,,,0.45,0,,16.66666667,2018-04-19,2018-04-19
2018-04-18,130,73,1.7808219178082,,,1.22,1,1,16.71232877,2018-04-18,2018-04-18
2018-04-17,276,129,2.1395348837209,,,2.97,1,1,23.02325581,2018-04-17,2018-04-17
2018-08-18,8189,5160,1.587015503876,18,1.83333333,33,143,56,6.39534884,2018-08-18,2018-08-18
2018-08-20,1373,1166,1.1775300171527,2,2.71,5.42,31,11,4.6483705,2018-08-20,2018-08-20
2018-11-19,640,508,1.259842519685,2,0.505,1.01,8,4,1.98818898,2018-11-19,2018-11-19
2018-10-17,12968,10114,1.2821831125173,14,1.80571429,25.28,169,60,2.49950564,2018-10-17,2018-10-17
2018-10-25,778,638,1.2194357366771,2,0.52,1.04,13,6,1.63009404,2018-10-25,2018-10-25
2018-10-24,709,560,1.2660714285714,1,1.03,1.03,15,8,1.83928571,2018-10-24,2018-10-24
2018-10-23,629,613,1.026101141925,1,0.91,0.91,5,4,1.48450245,2018-10-23,2018-10-23
2018-10-22,474,460,1.0304347826087,3,0.33,0.99,8,7,2.15217391,2018-10-22,2018-10-22
2018-10-21,537,524,1.0248091603053,,,1.02,3,3,1.94656489,2018-10-21,2018-10-21
2018-10-20,1143,1113,1.0269541778976,5,0.582,2.91,16,16,2.61455526,2018-10-20,2018-10-20
2018-10-19,2075,1957,1.060296371998,5,0.954,4.77,15,11,2.43740419,2018-10-19,2018-10-19
2018-10-18,1809,1688,1.071682464455,5,0.972,4.86,19,15,2.87914692,2018-10-18,2018-10-18
2018-10-16,3740,3432,1.0897435897436,11,0.61909091,6.81,75,38,1.98426573,2018-10-16,2018-10-16
2018-10-27,736,606,1.2145214521452,1,1,1,11,5,1.65016502,2018-10-27,2018-10-27
2018-10-15,11,11,1,,,1.22,0,,110.90909091,2018-10-15,2018-10-15
2018-10-14,27,25,1.08,,,1.2,0,,48,2018-10-14,2018-10-14
2018-10-13,34,30,1.1333333333333,,,0.83,1,1,27.66666667,2018-10-13,2018-10-13
2018-10-12,19,19,1,,,1.05,1,1,55.26315789,2018-10-12,2018-10-12
2018-10-11,24,21,1.1428571428571,,,1,0,,47.61904762,2018-10-11,2018-10-11
2018-10-10,46,38,1.2105263157895,,,1.03,2,1,27.10526316,2018-10-10,2018-10-10
2018-10-09,39,35,1.1142857142857,,,1.15,0,,32.85714286,2018-10-09,2018-10-09
2018-10-08,56,54,1.037037037037,,,0.92,0,,17.03703704,2018-10-08,2018-10-08
2018-10-26,786,633,1.2417061611374,3,0.33666667,1.01,12,5,1.59557662,2018-10-26,2018-10-26
2018-10-29,617,524,1.1774809160305,1,0.98,0.98,7,3,1.87022901,2018-10-29,2018-10-29
2018-10-06,88,76,1.1578947368421,,,0.92,1,1,12.10526316,2018-10-06,2018-10-06
2018-11-10,7412,6182,1.1989647363313,9,1.25555556,11.3,116,54,1.82788742,2018-11-10,2018-11-10
2018-11-18,1469,1335,1.1003745318352,6,0.36333333,2.18,34,12,1.6329588,2018-11-18,2018-11-18
2018-11-17,2162,1915,1.1289817232376,3,1.04333333,3.13,22,11,1.63446475,2018-11-17,2018-11-17
2018-11-16,2622,2247,1.1668891855808,4,0.77,3.08,33,14,1.37071651,2018-11-16,2018-11-16
2018-11-15,2567,2235,1.1485458612975,3,0.99333333,2.98,34,15,1.33333333,2018-11-15,2018-11-15
2018-11-14,2558,2244,1.1399286987522,1,2.97,2.97,25,10,1.32352941,2018-11-14,2018-11-14
2018-11-13,2666,2351,1.1339855380689,3,0.98666667,2.96,29,15,1.25903871,2018-11-13,2018-11-13
2018-11-12,2817,2473,1.1391023048928,2,1.47,2.94,30,10,1.18883947,2018-11-12,2018-11-12
2018-11-11,2504,2240,1.1178571428571,11,0.26727273,2.94,46,24,1.3125,2018-11-11,2018-11-11
2018-11-09,9421,7321,1.2868460592815,15,1.00333333,15.05,153,66,2.05573009,2018-11-09,2018-11-09
2018-10-30,680,575,1.1826086956522,2,0.495,0.99,8,3,1.72173913,2018-10-30,2018-10-30
2018-11-08,9565,7238,1.3214976512849,22,0.68272727,15.02,146,71,2.07515888,2018-11-08,2018-11-08
2018-11-07,2033,1940,1.0479381443299,1,4.21,4.21,21,5,2.17010309,2018-11-07,2018-11-07
2018-11-06,547,462,1.1839826839827,1,1.03,1.03,12,5,2.22943723,2018-11-06,2018-11-06
2018-11-05,499,443,1.1264108352144,,,0.98,4,2,2.21218962,2018-11-05,2018-11-05
2018-11-04,568,500,1.136,2,0.505,1.01,13,8,2.02,2018-11-04,2018-11-04
2018-11-03,539,484,1.1136363636364,1,0.96,0.96,8,2,1.98347107,2018-11-03,2018-11-03
2018-11-02,702,588,1.1938775510204,,,1.01,7,2,1.71768707,2018-11-02,2018-11-02
2018-11-01,773,659,1.1729893778452,1,0.98,0.98,6,2,1.48710167,2018-11-01,2018-11-01
2018-10-31,703,570,1.2333333333333,2,0.52,1.04,9,3,1.8245614,2018-10-31,2018-10-31
2018-10-07,92,83,1.1084337349398,,,1.02,0,,12.28915663,2018-10-07,2018-10-07
2018-10-05,90,86,1.046511627907,,,0.99,1,,11.51162791,2018-10-05,2018-10-05
2018-08-21,193,189,1.021164021164,1,1.01,1.01,7,3,5.34391534,2018-08-21,2018-08-21
2018-09-01,260,244,1.0655737704918,,,0.72,7,1,2.95081967,2018-09-01,2018-09-01
2018-09-09,374,291,1.2852233676976,,,1.02,1,,3.50515464,2018-09-09,2018-09-09
2018-09-08,304,255,1.1921568627451,,,0.94,4,1,3.68627451,2018-09-08,2018-09-08
2018-09-07,445,411,1.0827250608273,,,1.08,1,1,2.62773723,2018-09-07,2018-09-07
2018-09-06,803,680,1.1808823529412,,,0.96,5,2,1.41176471,2018-09-06,2018-09-06
2018-09-05,684,567,1.2063492063492,,,1,4,1,1.76366843,2018-09-05,2018-09-05
2018-09-04,653,536,1.2182835820896,,,1,7,3,1.86567164,2018-09-04,2018-09-04
2018-09-03,445,384,1.1588541666667,,,0.98,7,3,2.55208333,2018-09-03,2018-09-03
2018-09-02,359,307,1.1693811074919,1,1.04,1.04,6,1,3.38762215,2018-09-02,2018-09-02
2018-08-31,963,822,1.1715328467153,,,3.12,17,9,3.79562044,2018-08-31,2018-08-31
2018-09-11,415,320,1.296875,2,0.535,1.07,12,4,3.34375,2018-09-11,2018-09-11
2018-08-30,1688,1409,1.1980127750177,5,1,5,39,12,3.54861604,2018-08-30,2018-08-30
2018-08-29,1512,1269,1.1914893617021,3,1.63666667,4.91,28,11,3.86918834,2018-08-29,2018-08-29
2018-08-27,1747,1470,1.1884353741497,5,1.076,5.38,36,18,3.65986395,2018-08-27,2018-08-27
2018-08-26,415,358,1.159217877095,1,1.04,1.04,5,1,2.90502793,2018-08-26,2018-08-26
2018-08-25,358,326,1.0981595092025,,,0.9,5,3,2.7607362,2018-08-25,2018-08-25
2018-08-24,1177,946,1.2441860465116,2,2.01,4.02,30,13,4.24947146,2018-08-24,2018-08-24
2018-08-23,710,612,1.1601307189542,2,1.43,2.86,16,6,4.67320261,2018-08-23,2018-08-23
2018-08-22,234,205,1.1414634146341,,,1,3,2,4.87804878,2018-08-22,2018-08-22
2018-09-10,385,324,1.1882716049383,1,0.98,0.98,6,1,3.02469136,2018-09-10,2018-09-10
2018-09-12,321,236,1.3601694915254,,,1.01,1,1,4.27966102,2018-09-12,2018-09-12
2018-10-04,563,446,1.262331838565,1,1.07,1.07,10,3,2.39910314,2018-10-04,2018-10-04
2018-09-25,595,489,1.2167689161554,1,1.14,1.14,11,5,2.33128834,2018-09-25,2018-09-25
2018-10-03,488,400,1.22,,,1.01,9,5,2.525,2018-10-03,2018-10-03
2018-10-02,443,349,1.269340974212,,,0.99,2,1,2.83667622,2018-10-02,2018-10-02
2018-10-01,556,422,1.3175355450237,1,1.03,1.03,5,1,2.44075829,2018-10-01,2018-10-01
2018-09-30,537,424,1.2665094339623,,,0.99,4,2,2.33490566,2018-09-30,2018-09-30
2018-09-29,481,369,1.3035230352304,,,1.16,8,5,3.14363144,2018-09-29,2018-09-29
2018-09-28,455,411,1.1070559610706,,,1.2,6,,2.91970803,2018-09-28,2018-09-28
2018-09-27,492,406,1.2118226600985,,,1.16,4,2,2.85714286,2018-09-27,2018-09-27
2018-09-26,572,451,1.2682926829268,2,0.555,1.11,13,3,2.46119734,2018-09-26,2018-09-26
2018-09-24,512,461,1.1106290672451,1,1.13,1.13,6,4,2.45119306,2018-09-24,2018-09-24
2018-09-13,340,259,1.3127413127413,1,0.99,0.99,5,1,3.82239382,2018-09-13,2018-09-13
2018-09-22,267,257,1.0389105058366,,,0.85,6,2,3.307393,2018-09-22,2018-09-22
2018-09-21,118,113,1.0442477876106,,,1.13,3,2,10,2018-09-21,2018-09-21
2018-09-20,27,26,1.0384615384615,,,1.16,0,,44.61538462,2018-09-20,2018-09-20
2018-09-19,46,45,1.0222222222222,,,1.07,0,,23.77777778,2018-09-19,2018-09-19
2018-09-18,268,222,1.2072072072072,,,0.6,2,1,2.7027027,2018-09-18,2018-09-18
2018-09-17,308,232,1.3275862068966,,,0.95,4,3,4.09482759,2018-09-17,2018-09-17
2018-09-16,375,296,1.2668918918919,1,1.12,1.12,5,1,3.78378378,2018-09-16,2018-09-16
2018-09-15,352,273,1.2893772893773,,,0.94,3,2,3.44322344,2018-09-15,2018-09-15
2018-09-14,371,286,1.2972027972028,,,0.99,3,3,3.46153846,2018-09-14,2018-09-14
2019-03-09,252,228,1.1052631578947,1,0.87,0.87,6,3,3.81578947,2019-03-09,2019-03-09
